cust_id,cust_firstname,cust_lastname
1,Liam,Murphy
2,Aoife,Kelly
3,Cian,OSullivan
4,Siobhan,Walsh
5,Sean,Smith
6,Niamh,Byrne
7,Fionn,Johnson
8,Aisling,OConnor
9,Oisin,Ryan
10,Saoirse,OReilly
11,Eoin,Doyle
12,Roisin,Kennedy
13,Darragh,Quinn
14,Grainne,Byrne
15,Tadhg,Doherty
16,Sinead,Martin
17,Padraig,Thompson
18,Eimear,Ward
19,Colm,Connolly
20,Brid,Murray
21,Cathal,Duffy
22,Caitriona,Wilson
23,Orla,Robinson
24,Donal,Collins
25,Ciara,Hall
26,Dara,Hughes
27,Deirdre,Clarke
28,Ronan,Carroll
29,Muireann,Gallagher
30,Lorcan,Walsh
31,Ailbhe,Griffin
32,Ruairi,Doyle
33,Ailis,Campbell
34,Eoghan,Johnston
35,Maire,Sullivan
36,Cillian,Barrett
37,Caoimhe,Brady
38,Diarmuid,ONeill
39,Aine,McLaughlin
40,Conor,Hayes
41,Siofra,Macdonald
42,Fiachra,Murphy
43,Maeve,ODonnell
44,Odhran,Thompson
45,Eabha,Nolan
46,Declan,Sheehan
47,Blaithin,Woods
48,Rian,McGrath
49,Laoise,Lynch
50,Padraig,Byrne
51,Eilis,Taylor
52,Oisin,Kelly
53,Briona,Higgins
54,Niall,MacMahon
55,Grainne,OHara
56,Padraig,OConnell
57,Orlaith,Hughes
58,Ciaran,Allen
59,Nuala,Reid
60,Eoin,Healy